<?xml version="1.0" encoding="UTF-8" ?>
<!DOCTYPE mapper
  PUBLIC "-//mybatis.org//DTD Mapper 3.0//EN"
  "http://mybatis.org/dtd/mybatis-3-mapper.dtd">
<mapper namespace="kr.co.mapper.AdsMapper">

	<select id="getAno" resultType="Integer">
		select max(ano) from tbl_ads
	</select>

	<insert id="insertAds">
		insert into tbl_ads
		(ano, id, a_title, a_img_link, a_img_name, register)
		values
		(#{ano}, #{id}, #{a_title}, #{a_img_link}, #{a_img_name}, #{register})
	</insert>
	
	<select id="registedListAds" resultType="AdsVO">
		select * from tbl_ads where register='true'
	</select>

	<select id="listads" resultType="AdsVO">
		select * from tbl_ads
	</select>
	
	<delete id="delete">
  		delete from tbl_ads where ano=#{ano}
  	</delete>  
  	
  	<update id="registerAds">
  		update tbl_ads set register=#{register}, updatedate=sysdate where ano=#{ano}
  	</update>
  	
  	<update id="deleteAds">
  		update tbl_ads set register=#{register}, updatedate=sysdate where ano=#{ano}
  	</update>
  	
  	<update id="addreadcnt">
  		update tbl_ads set readcnt=readcnt+1 where ano = #{ano}
  </update>
  
   <select id="readAds" resultType="AdsVO">
   		select * from tbl_ads where ano = #{ano}
  </select>  
  
  <update id="update">
  	update tbl_ads set a_title=#{a_title}, a_img_link=#{a_img_link}, a_img_name=#{a_img_name}, updatedate=sysdate where ano=#{ano}
  </update>
  
  <delete id="deletById">
  	delete from tbl_attach where id=#{id}  
  </delete>

</mapper>

