<?xml version="1.0" encoding="UTF-8" ?>
<!DOCTYPE mapper
  PUBLIC "-//mybatis.org//DTD Mapper 3.0//EN"
  "http://mybatis.org/dtd/mybatis-3-mapper.dtd">
<mapper namespace="kr.co.mapper.CartMapper">
	<insert id="insertCart">
		insert into tbl_cart(cno, pno, id,count) values(#{cno}, #{pno}, #{id}, #{count})
	</insert>
	
	<select id="getCno" resultType="Integer">
		select max(cno) from tbl_cart
	</select>
	
	<select id="listAllCart" resultType="CartVO">
		select * from tbl_cart where id = #{id}
	</select>
	
	<delete id="delete">
		delete from tbl_cart where cno = #{cno}
	</delete>
	
	<delete id="deleteAfterPurchase"> <!-- 6월 30일 추가: 결제 완료후 삭제 진행-->
		delete from tbl_cart where id = #{id}
	</delete>
	
	<select id="CartView" resultType="CartTestVO">
		select * 
		from tbl_cart tc, tbl_product_info tpi 
		where tc.id=#{id} and tc.pno = tpi.pno
	</select>
	
		 <delete id="deletById">
  	delete from tbl_cart where id=#{id}  
  </delete>
  	
    
</mapper>