<?xml version="1.0" encoding="UTF-8" ?>
<!DOCTYPE mapper
  PUBLIC "-//mybatis.org//DTD Mapper 3.0//EN"
  "http://mybatis.org/dtd/mybatis-3-mapper.dtd">
<mapper namespace="kr.co.mapper.ReviewMapper">
	<select id="getRevno" resultType="Integer">
		select max(revno) from tbl_product_review
	</select>
	
	<insert id="create">
		insert into tbl_product_review(revno, pno, id, content) values (#{revno}, #{pno}, #{id}, #{content})	
	</insert>
	
	<select id="listPage" resultType="ReviewVO">
			<![CDATA[
  	select * from (
	  	select rownum rnum, revno, pno, 
	  	content, id, regdate, updatedate from (
	  		select * from tbl_product_review where pno=#{pno} order 
	  		by revno desc)
	  	)
	where 
	rnum between #{startRow} and #{endRow}
	]]>  		
	</select>
	
	<select id="count" resultType="Integer">
		select count(*) from tbl_product_review where pno=#{pno}
	</select>
	
	<update id="update">
		update tbl_product_review set content=#{content}, updatedate=sysdate where revno=#{revno}	
	</update>
	
	<delete id="delete">
		delete from tbl_product_review where revno=#{revno}	
	</delete>
	
	<delete id="deleteByPno">
		delete from tbl_product_review where pno=#{pno}
	</delete>
	
	<select id="myReview" resultType="ReviewVO">
		select * from tbl_product_review where id=#{id}
	</select>
	
		<delete id="deletById">
  	delete from tbl_product_review where id=#{id}  
  </delete>
    
</mapper>